function_id;module;function_name;source_info;time_p;time_s;time_s_min;time_s_avg;time_s_max;cov_deviation;nb_threads;cats;
54;mca_btl_vader.so;mca_btl_vader_poll_handle_frag;;23.33;0.04;;;;;;"0,100,0,0,0,0,0,0,0,0";
105;mca_pml_ob1.so;mca_pml_ob1_recv_req_start;;13.33;0.02;;;;;;"0,100,0,0,0,0,0,0,0,0";
26;lbm;propagation;lbm_struct.h:116-116,lbm_phys.c:332-354;13.33;0.02;;;;;;"100,0,0,0,0,0,0,0,0,0";
99;mca_pml_ob1.so;mca_pml_ob1_recv_request_progress_match;;10;0.01;;;;;;"0,100,0,0,0,0,0,0,0,0";
1365;libc-2.31.so;_mcleanup;;6.67;0.01;;;;;;"0,0,0,0,100,0,0,0,0,0";
86;mca_pml_ob1.so;mca_pml_ob1_rdma_pipeline_btls;;6.67;0.01;;;;;;"0,100,0,0,0,0,0,0,0,0";
563;libopen-pal.so.40.20.3;opal_convertor_prepare_for_send;;3.33;0;;;;;;"0,100,0,0,0,0,0,0,0,0";
89;mca_pml_ob1.so;mca_pml_ob1_recv_frag_callback_match;;3.33;0;;;;;;"0,100,0,0,0,0,0,0,0,0";
78;mca_pml_ob1.so;mca_pml_ob1_mrecv;;3.33;0;;;;;;"0,100,0,0,0,0,0,0,0,0";
49;mca_btl_vader.so;.plt.sec@start;;3.33;0;;;;;;"0,100,0,0,0,0,0,0,0,0";
25;lbm;collision;lbm_struct.h:116-116,lbm_phys.c:51-323;3.33;0;;;;;;"100,0,0,0,0,0,0,0,0,0";
22;ld-2.31.so;_dl_exception_free;;3.33;0;;;;;;"0,0,0,0,100,0,0,0,0,0";
11;ld-2.31.so;_dl_rtld_di_serinfo;;3.33;0;;;;;;"0,0,0,0,100,0,0,0,0,0";
-1;kernel;unknown_kernel_region;;3.33;0;;;;;;"0,0,0,0,100,0,0,0,0,0";
