block_id;module;source_info;time_p;time_s;time_s_min;time_s_avg;time_s_max;cov_deviation;nb_threads;
240;lbm;lbm_struct.h:116-116,lbm_phys.c:350-350;19.05;0.02;;;;;;
243;lbm;lbm_struct.h:116-116,lbm_phys.c:350-350;9.52;0.01;;;;;;
222;lbm;lbm_phys.c:51-321;9.52;0.01;;;;;;
233;lbm;lbm_phys.c:346-349;4.76;0;;;;;;
248;lbm;lbm_phys.c:349-349;4.76;0;;;;;;
236;lbm;lbm_struct.h:116-116,lbm_phys.c:350-350;4.76;0;;;;;;
256;lbm;lbm_struct.h:116-116,lbm_phys.c:350-350;4.76;0;;;;;;
253;lbm;lbm_struct.h:116-116,lbm_phys.c:350-350;4.76;0;;;;;;
247;lbm;lbm_struct.h:116-116,lbm_phys.c:350-350;4.76;0;;;;;;
